<?xml version="1.0" encoding="windows-1252"?>
<firewall-rules>
  <rule name="UDP Rule" active="1" action="1" protocol="4" interface="0" enable-process-icmp="0" enable-trusted-mac="0" enable-log="0">
    <ip-source-address type="4" address-1="0.0.0.0" address-2="0.0.0.0"/>
    <ip-source-port type="0" count="0"/>
    <ip-destination-address type="3" address-1="0.0.0.0" address-2="0.0.0.0"/>
    <ip-destination-port type="0" count="0"/>
    <process-icmp>
      <destination-unreachableI>False</destination-unreachableI>
      <echo-replyI>False</echo-replyI>
      <echo-requestI>False</echo-requestI>
      <information-replyI>False</information-replyI>
      <information-requestI>False</information-requestI>
      <parameter-problemI>False</parameter-problemI>
      <redirectI>False</redirectI>
      <source-quenchI>False</source-quenchI>
      <ttl-expiredI>False</ttl-expiredI>
      <destination-unreachableO>False</destination-unreachableO>
      <echo-replyO>False</echo-replyO>
      <echo-requestO>False</echo-requestO>
      <information-replyO>False</information-replyO>
      <information-requestO>False</information-requestO>
      <parameter-problemO>False</parameter-problemO>
      <redirectO>False</redirectO>
      <source-quenchO>False</source-quenchO>
      <ttl-expiredO>False</ttl-expiredO>
    </process-icmp>
  </rule>
  <rule name="ARP packet exchange - For mapping IP address to a hardware (MAC) address" active="1" action="1" protocol="1" interface="0" enable-process-icmp="0" enable-trusted-mac="0" enable-log="0">
    <ip-source-address type="0" address-1="0.0.0.0" address-2="0.0.0.0"/>
    <ip-source-port type="0" count="0"/>
    <ip-destination-address type="0" address-1="0.0.0.0" address-2="0.0.0.0"/>
    <ip-destination-port type="0" count="0"/>
    <process-icmp>
      <destination-unreachableI>False</destination-unreachableI>
      <echo-replyI>False</echo-replyI>
      <echo-requestI>False</echo-requestI>
      <information-replyI>False</information-replyI>
      <information-requestI>False</information-requestI>
      <parameter-problemI>False</parameter-problemI>
      <redirectI>False</redirectI>
      <source-quenchI>False</source-quenchI>
      <ttl-expiredI>False</ttl-expiredI>
      <destination-unreachableO>False</destination-unreachableO>
      <echo-replyO>False</echo-replyO>
      <echo-requestO>False</echo-requestO>
      <information-replyO>False</information-replyO>
      <information-requestO>False</information-requestO>
      <parameter-problemO>False</parameter-problemO>
      <redirectO>False</redirectO>
      <source-quenchO>False</source-quenchO>
      <ttl-expiredO>False</ttl-expiredO>
    </process-icmp>
  </rule>
  <rule name="NetBios (LAN File Sharing) - Access files and folders on other computers, from your computer" active="1" action="1" protocol="5" interface="0" enable-process-icmp="0" enable-trusted-mac="0" enable-log="0">
    <ip-source-address type="0" address-1="0.0.0.0" address-2="0.0.0.0"/>
    <ip-source-port type="0" count="0"/>
    <ip-destination-address type="3" address-1="0.0.0.0" address-2="0.0.0.0"/>
    <ip-destination-port type="3" count="4">
      <port>137</port>
      <port>138</port>
      <port>139</port>
      <port>445</port>
    </ip-destination-port>
    <process-icmp>
      <destination-unreachableI>False</destination-unreachableI>
      <echo-replyI>False</echo-replyI>
      <echo-requestI>False</echo-requestI>
      <information-replyI>False</information-replyI>
      <information-requestI>False</information-requestI>
      <parameter-problemI>False</parameter-problemI>
      <redirectI>False</redirectI>
      <source-quenchI>False</source-quenchI>
      <ttl-expiredI>False</ttl-expiredI>
      <destination-unreachableO>False</destination-unreachableO>
      <echo-replyO>False</echo-replyO>
      <echo-requestO>False</echo-requestO>
      <information-replyO>False</information-replyO>
      <information-requestO>False</information-requestO>
      <parameter-problemO>False</parameter-problemO>
      <redirectO>False</redirectO>
      <source-quenchO>False</source-quenchO>
      <ttl-expiredO>False</ttl-expiredO>
    </process-icmp>
  </rule>
  <rule name="NetBios (LAN File Sharing) - Access files and folders on my computer, from other computers" active="1" action="0" protocol="5" interface="0" enable-process-icmp="0" enable-trusted-mac="0" enable-log="0">
    <ip-source-address type="3" address-1="0.0.0.0" address-2="0.0.0.0"/>
    <ip-source-port type="0" count="0"/>
    <ip-destination-address type="0" address-1="0.0.0.0" address-2="0.0.0.0"/>
    <ip-destination-port type="3" count="4">
      <port>137</port>
      <port>138</port>
      <port>139</port>
      <port>445</port>
    </ip-destination-port>
    <process-icmp>
      <destination-unreachableI>False</destination-unreachableI>
      <echo-replyI>False</echo-replyI>
      <echo-requestI>False</echo-requestI>
      <information-replyI>False</information-replyI>
      <information-requestI>False</information-requestI>
      <parameter-problemI>False</parameter-problemI>
      <redirectI>False</redirectI>
      <source-quenchI>False</source-quenchI>
      <ttl-expiredI>False</ttl-expiredI>
      <destination-unreachableO>False</destination-unreachableO>
      <echo-replyO>False</echo-replyO>
      <echo-requestO>False</echo-requestO>
      <information-replyO>False</information-replyO>
      <information-requestO>False</information-requestO>
      <parameter-problemO>False</parameter-problemO>
      <redirectO>False</redirectO>
      <source-quenchO>False</source-quenchO>
      <ttl-expiredO>False</ttl-expiredO>
    </process-icmp>
  </rule>
  <rule name="ICMP messages" active="1" action="1" protocol="2" interface="0" enable-process-icmp="1" enable-trusted-mac="0" enable-log="0">
    <ip-source-address type="4" address-1="0.0.0.0" address-2="0.0.0.0"/>
    <ip-source-port type="0" count="0"/>
    <ip-destination-address type="3" address-1="0.0.0.0" address-2="0.0.0.0"/>
    <ip-destination-port type="0" count="0"/>
    <process-icmp>
      <destination-unreachableI>False</destination-unreachableI>
      <echo-replyI>True</echo-replyI>
      <echo-requestI>False</echo-requestI>
      <information-replyI>False</information-replyI>
      <information-requestI>False</information-requestI>
      <parameter-problemI>False</parameter-problemI>
      <redirectI>False</redirectI>
      <source-quenchI>False</source-quenchI>
      <ttl-expiredI>False</ttl-expiredI>
      <destination-unreachableO>False</destination-unreachableO>
      <echo-replyO>False</echo-replyO>
      <echo-requestO>True</echo-requestO>
      <information-replyO>False</information-replyO>
      <information-requestO>False</information-requestO>
      <parameter-problemO>False</parameter-problemO>
      <redirectO>False</redirectO>
      <source-quenchO>False</source-quenchO>
      <ttl-expiredO>False</ttl-expiredO>
    </process-icmp>
  </rule>
  <rule name="ICMPV6 messages" active="1" action="1" protocol="7" interface="0" enable-process-icmp="0" enable-trusted-mac="0" enable-log="0">
    <ip-source-address type="4" address-1="0000:0000:0000:0000:0000:0000:0000:0000" address-2="0000:0000:0000:0000:0000:0000:0000:0000"/>
    <ip-source-port type="0" count="0"/>
    <ip-destination-address type="3" address-1="0000:0000:0000:0000:0000:0000:0000:0000" address-2="0000:0000:0000:0000:0000:0000:0000:0000"/>
    <ip-destination-port type="0" count="0"/>
    <process-icmpv6>
      <destination-unreachableI_IPV6>False</destination-unreachableI_IPV6>
      <packet-bigI>False</packet-bigI>
      <time-exceedI>False</time-exceedI>
      <parameter-problemI>False</parameter-problemI>
      <echo-requestI_IPV6>False</echo-requestI_IPV6>
      <echo-replyI_IPV6>False</echo-replyI_IPV6>
      <destination-unreachableO_IPV6>False</destination-unreachableO_IPV6>
      <packet-bigO>False</packet-bigO>
      <time-exceedO>False</time-exceedO>
      <parameter-problemO>False</parameter-problemO>
      <echo-requestO_IPV6>False</echo-requestO_IPV6>
      <echo-replyO_IPV6>False</echo-replyO_IPV6>
    </process-icmpv6>
  </rule>
  <rule name="ICMP messages for  192.168.*.* (ping, etc)" active="1" action="1" protocol="2" interface="0" enable-process-icmp="1" enable-trusted-mac="0" enable-log="0">
    <ip-source-address type="4" address-1="0.0.0.0" address-2="0.0.0.0"/>
    <ip-source-port type="0" count="0"/>
    <ip-destination-address type="3" address-1="192.168.0.1" address-2="192.168.254.254"/>
    <ip-destination-port type="0" count="0"/>
    <process-icmp>
      <destination-unreachableI>False</destination-unreachableI>
      <echo-replyI>False</echo-replyI>
      <echo-requestI>True</echo-requestI>
      <information-replyI>False</information-replyI>
      <information-requestI>False</information-requestI>
      <parameter-problemI>False</parameter-problemI>
      <redirectI>False</redirectI>
      <source-quenchI>False</source-quenchI>
      <ttl-expiredI>False</ttl-expiredI>
      <destination-unreachableO>False</destination-unreachableO>
      <echo-replyO>True</echo-replyO>
      <echo-requestO>False</echo-requestO>
      <information-replyO>False</information-replyO>
      <information-requestO>False</information-requestO>
      <parameter-problemO>False</parameter-problemO>
      <redirectO>False</redirectO>
      <source-quenchO>False</source-quenchO>
      <ttl-expiredO>False</ttl-expiredO>
    </process-icmp>
  </rule>
  <rule name="DHCP/BOOTP packet exchange" active="1" action="1" protocol="4" interface="0" enable-process-icmp="0" enable-trusted-mac="0" enable-log="0">
    <ip-source-address type="3" address-1="0.0.0.0" address-2="0.0.0.0"/>
    <ip-source-port type="1" count="1">
      <port>68</port>
    </ip-source-port>
    <ip-destination-address type="3" address-1="0.0.0.0" address-2="0.0.0.0"/>
    <ip-destination-port type="1" count="1">
      <port>67</port>
    </ip-destination-port>
    <process-icmp>
      <destination-unreachableI>False</destination-unreachableI>
      <echo-replyI>False</echo-replyI>
      <echo-requestI>False</echo-requestI>
      <information-replyI>False</information-replyI>
      <information-requestI>False</information-requestI>
      <parameter-problemI>False</parameter-problemI>
      <redirectI>False</redirectI>
      <source-quenchI>False</source-quenchI>
      <ttl-expiredI>False</ttl-expiredI>
      <destination-unreachableO>False</destination-unreachableO>
      <echo-replyO>False</echo-replyO>
      <echo-requestO>False</echo-requestO>
      <information-replyO>False</information-replyO>
      <information-requestO>False</information-requestO>
      <parameter-problemO>False</parameter-problemO>
      <redirectO>False</redirectO>
      <source-quenchO>False</source-quenchO>
      <ttl-expiredO>False</ttl-expiredO>
    </process-icmp>
  </rule>
  <rule name="FTP Control - For downloading and uploading files" active="0" action="1" protocol="3" interface="0" enable-process-icmp="0" enable-trusted-mac="0" enable-log="0">
    <ip-source-address type="4" address-1="0.0.0.0" address-2="0.0.0.0"/>
    <ip-source-port type="0" count="0"/>
    <ip-destination-address type="3" address-1="0.0.0.0" address-2="0.0.0.0"/>
    <ip-destination-port type="1" count="1">
      <port>21</port>
    </ip-destination-port>
    <process-icmp>
      <destination-unreachableI>False</destination-unreachableI>
      <echo-replyI>False</echo-replyI>
      <echo-requestI>False</echo-requestI>
      <information-replyI>False</information-replyI>
      <information-requestI>False</information-requestI>
      <parameter-problemI>False</parameter-problemI>
      <redirectI>False</redirectI>
      <source-quenchI>False</source-quenchI>
      <ttl-expiredI>False</ttl-expiredI>
      <destination-unreachableO>False</destination-unreachableO>
      <echo-replyO>False</echo-replyO>
      <echo-requestO>False</echo-requestO>
      <information-replyO>False</information-replyO>
      <information-requestO>False</information-requestO>
      <parameter-problemO>False</parameter-problemO>
      <redirectO>False</redirectO>
      <source-quenchO>False</source-quenchO>
      <ttl-expiredO>False</ttl-expiredO>
    </process-icmp>
  </rule>
  <rule name="FTP Data - For downloading and uploading files" active="0" action="1" protocol="3" interface="0" enable-process-icmp="0" enable-trusted-mac="0" enable-log="0">
    <ip-source-address type="3" address-1="0.0.0.0" address-2="0.0.0.0"/>
    <ip-source-port type="1" count="1">
      <port>20</port>
    </ip-source-port>
    <ip-destination-address type="4" address-1="0.0.0.0" address-2="0.0.0.0"/>
    <ip-destination-port type="0" count="0"/>
    <process-icmp>
      <destination-unreachableI>False</destination-unreachableI>
      <echo-replyI>False</echo-replyI>
      <echo-requestI>False</echo-requestI>
      <information-replyI>False</information-replyI>
      <information-requestI>False</information-requestI>
      <parameter-problemI>False</parameter-problemI>
      <redirectI>False</redirectI>
      <source-quenchI>False</source-quenchI>
      <ttl-expiredI>False</ttl-expiredI>
      <destination-unreachableO>False</destination-unreachableO>
      <echo-replyO>False</echo-replyO>
      <echo-requestO>False</echo-requestO>
      <information-replyO>False</information-replyO>
      <information-requestO>False</information-requestO>
      <parameter-problemO>False</parameter-problemO>
      <redirectO>False</redirectO>
      <source-quenchO>False</source-quenchO>
      <ttl-expiredO>False</ttl-expiredO>
    </process-icmp>
  </rule>
  <rule name="RPC Service" active="1" action="0" protocol="5" interface="0" enable-process-icmp="0" enable-trusted-mac="0" enable-log="0">
    <ip-source-address type="3" address-1="0.0.0.0" address-2="0.0.0.0"/>
    <ip-source-port type="0" count="0"/>
    <ip-destination-address type="0" address-1="0.0.0.0" address-2="0.0.0.0"/>
    <ip-destination-port type="1" count="1">
      <port>135</port>
    </ip-destination-port>
    <process-icmp>
      <destination-unreachableI>False</destination-unreachableI>
      <echo-replyI>False</echo-replyI>
      <echo-requestI>False</echo-requestI>
      <information-replyI>False</information-replyI>
      <information-requestI>False</information-requestI>
      <parameter-problemI>False</parameter-problemI>
      <redirectI>False</redirectI>
      <source-quenchI>False</source-quenchI>
      <ttl-expiredI>False</ttl-expiredI>
      <destination-unreachableO>False</destination-unreachableO>
      <echo-replyO>False</echo-replyO>
      <echo-requestO>False</echo-requestO>
      <information-replyO>False</information-replyO>
      <information-requestO>False</information-requestO>
      <parameter-problemO>False</parameter-problemO>
      <redirectO>False</redirectO>
      <source-quenchO>False</source-quenchO>
      <ttl-expiredO>False</ttl-expiredO>
    </process-icmp>
  </rule>
  <rule name="DNS name resolution - For accessing Websites" active="1" action="1" protocol="4" interface="0" enable-process-icmp="0" enable-trusted-mac="0" enable-log="0">
    <ip-source-address type="4" address-1="0.0.0.0" address-2="0.0.0.0"/>
    <ip-source-port type="0" count="0"/>
    <ip-destination-address type="3" address-1="0.0.0.0" address-2="0.0.0.0"/>
    <ip-destination-port type="1" count="1">
      <port>53</port>
    </ip-destination-port>
    <process-icmp>
      <destination-unreachableI>False</destination-unreachableI>
      <echo-replyI>False</echo-replyI>
      <echo-requestI>False</echo-requestI>
      <information-replyI>False</information-replyI>
      <information-requestI>False</information-requestI>
      <parameter-problemI>False</parameter-problemI>
      <redirectI>False</redirectI>
      <source-quenchI>False</source-quenchI>
      <ttl-expiredI>False</ttl-expiredI>
      <destination-unreachableO>False</destination-unreachableO>
      <echo-replyO>False</echo-replyO>
      <echo-requestO>False</echo-requestO>
      <information-replyO>False</information-replyO>
      <information-requestO>False</information-requestO>
      <parameter-problemO>False</parameter-problemO>
      <redirectO>False</redirectO>
      <source-quenchO>False</source-quenchO>
      <ttl-expiredO>False</ttl-expiredO>
    </process-icmp>
  </rule>
  <rule name="E-Mail (SMTP, POP3, IMAP) - For sending and receiving emails" active="1" action="1" protocol="3" interface="0" enable-process-icmp="0" enable-trusted-mac="0" enable-log="0">
    <ip-source-address type="4" address-1="0.0.0.0" address-2="0.0.0.0"/>
    <ip-source-port type="0" count="0"/>
    <ip-destination-address type="3" address-1="0.0.0.0" address-2="0.0.0.0"/>
    <ip-destination-port type="3" count="3">
      <port>110</port>
      <port>143</port>
      <port>220</port>
    </ip-destination-port>
    <process-icmp>
      <destination-unreachableI>False</destination-unreachableI>
      <echo-replyI>False</echo-replyI>
      <echo-requestI>False</echo-requestI>
      <information-replyI>False</information-replyI>
      <information-requestI>False</information-requestI>
      <parameter-problemI>False</parameter-problemI>
      <redirectI>False</redirectI>
      <source-quenchI>False</source-quenchI>
      <ttl-expiredI>False</ttl-expiredI>
      <destination-unreachableO>False</destination-unreachableO>
      <echo-replyO>False</echo-replyO>
      <echo-requestO>False</echo-requestO>
      <information-replyO>False</information-replyO>
      <information-requestO>False</information-requestO>
      <parameter-problemO>False</parameter-problemO>
      <redirectO>False</redirectO>
      <source-quenchO>False</source-quenchO>
      <ttl-expiredO>False</ttl-expiredO>
    </process-icmp>
  </rule>
  <rule name="WWW (HTTP &amp; HTTPS) - For accessing Websites" active="1" action="1" protocol="3" interface="0" enable-process-icmp="0" enable-trusted-mac="0" enable-log="0">
    <ip-source-address type="4" address-1="0.0.0.0" address-2="0.0.0.0"/>
    <ip-source-port type="0" count="0"/>
    <ip-destination-address type="3" address-1="0.0.0.0" address-2="0.0.0.0"/>
    <ip-destination-port type="3" count="10">
      <port>81</port>
      <port>82</port>
      <port>83</port>
      <port>443</port>
      <port>3128</port>
      <port>8080</port>
      <port>8088</port>
      <port>6588</port>
      <port>4480</port>
      <port>88</port>
    </ip-destination-port>
    <process-icmp>
      <destination-unreachableI>False</destination-unreachableI>
      <echo-replyI>False</echo-replyI>
      <echo-requestI>False</echo-requestI>
      <information-replyI>False</information-replyI>
      <information-requestI>False</information-requestI>
      <parameter-problemI>False</parameter-problemI>
      <redirectI>False</redirectI>
      <source-quenchI>False</source-quenchI>
      <ttl-expiredI>False</ttl-expiredI>
      <destination-unreachableO>False</destination-unreachableO>
      <echo-replyO>False</echo-replyO>
      <echo-requestO>False</echo-requestO>
      <information-replyO>False</information-replyO>
      <information-requestO>False</information-requestO>
      <parameter-problemO>False</parameter-problemO>
      <redirectO>False</redirectO>
      <source-quenchO>False</source-quenchO>
      <ttl-expiredO>False</ttl-expiredO>
    </process-icmp>
  </rule>
  <rule name="News (NNTP)" active="1" action="1" protocol="3" interface="0" enable-process-icmp="0" enable-trusted-mac="0" enable-log="0">
    <ip-source-address type="4" address-1="0.0.0.0" address-2="0.0.0.0"/>
    <ip-source-port type="0" count="0"/>
    <ip-destination-address type="3" address-1="0.0.0.0" address-2="0.0.0.0"/>
    <ip-destination-port type="1" count="1">
      <port>119</port>
    </ip-destination-port>
    <process-icmp>
      <destination-unreachableI>False</destination-unreachableI>
      <echo-replyI>False</echo-replyI>
      <echo-requestI>False</echo-requestI>
      <information-replyI>False</information-replyI>
      <information-requestI>False</information-requestI>
      <parameter-problemI>False</parameter-problemI>
      <redirectI>False</redirectI>
      <source-quenchI>False</source-quenchI>
      <ttl-expiredI>False</ttl-expiredI>
      <destination-unreachableO>False</destination-unreachableO>
      <echo-replyO>False</echo-replyO>
      <echo-requestO>False</echo-requestO>
      <information-replyO>False</information-replyO>
      <information-requestO>False</information-requestO>
      <parameter-problemO>False</parameter-problemO>
      <redirectO>False</redirectO>
      <source-quenchO>False</source-quenchO>
      <ttl-expiredO>False</ttl-expiredO>
    </process-icmp>
  </rule>
  <rule name="Internet Relay Chat (IRC) - For chatting over the Internet" active="1" action="1" protocol="5" interface="0" enable-process-icmp="0" enable-trusted-mac="0" enable-log="0">
    <ip-source-address type="4" address-1="0.0.0.0" address-2="0.0.0.0"/>
    <ip-source-port type="0" count="0"/>
    <ip-destination-address type="3" address-1="0.0.0.0" address-2="0.0.0.0"/>
    <ip-destination-port type="2" count="2">
      <port>6660</port>
      <port>6670</port>
    </ip-destination-port>
    <process-icmp>
      <destination-unreachableI>False</destination-unreachableI>
      <echo-replyI>False</echo-replyI>
      <echo-requestI>False</echo-requestI>
      <information-replyI>False</information-replyI>
      <information-requestI>False</information-requestI>
      <parameter-problemI>False</parameter-problemI>
      <redirectI>False</redirectI>
      <source-quenchI>False</source-quenchI>
      <ttl-expiredI>False</ttl-expiredI>
      <destination-unreachableO>False</destination-unreachableO>
      <echo-replyO>False</echo-replyO>
      <echo-requestO>False</echo-requestO>
      <information-replyO>False</information-replyO>
      <information-requestO>False</information-requestO>
      <parameter-problemO>False</parameter-problemO>
      <redirectO>False</redirectO>
      <source-quenchO>False</source-quenchO>
      <ttl-expiredO>False</ttl-expiredO>
    </process-icmp>
  </rule>
  <rule name="MSN Connection - For chatting over the Internet using Messenger" active="1" action="1" protocol="3" interface="0" enable-process-icmp="0" enable-trusted-mac="0" enable-log="0">
    <ip-source-address type="4" address-1="0.0.0.0" address-2="0.0.0.0"/>
    <ip-source-port type="0" count="0"/>
    <ip-destination-address type="3" address-1="0.0.0.0" address-2="0.0.0.0"/>
    <ip-destination-port type="3" count="2">
      <port>443</port>
      <port>1863</port>
    </ip-destination-port>
    <process-icmp>
      <destination-unreachableI>False</destination-unreachableI>
      <echo-replyI>False</echo-replyI>
      <echo-requestI>False</echo-requestI>
      <information-replyI>False</information-replyI>
      <information-requestI>False</information-requestI>
      <parameter-problemI>False</parameter-problemI>
      <redirectI>False</redirectI>
      <source-quenchI>False</source-quenchI>
      <ttl-expiredI>False</ttl-expiredI>
      <destination-unreachableO>False</destination-unreachableO>
      <echo-replyO>False</echo-replyO>
      <echo-requestO>False</echo-requestO>
      <information-replyO>False</information-replyO>
      <information-requestO>False</information-requestO>
      <parameter-problemO>False</parameter-problemO>
      <redirectO>False</redirectO>
      <source-quenchO>False</source-quenchO>
      <ttl-expiredO>False</ttl-expiredO>
    </process-icmp>
  </rule>
  <rule name="MSN Whiteboard - For chatting over the Internet using Messenger" active="1" action="1" protocol="3" interface="0" enable-process-icmp="0" enable-trusted-mac="0" enable-log="0">
    <ip-source-address type="4" address-1="0.0.0.0" address-2="0.0.0.0"/>
    <ip-source-port type="0" count="0"/>
    <ip-destination-address type="3" address-1="0.0.0.0" address-2="0.0.0.0"/>
    <ip-destination-port type="2" count="2">
      <port>7800</port>
      <port>7825</port>
    </ip-destination-port>
    <process-icmp>
      <destination-unreachableI>False</destination-unreachableI>
      <echo-replyI>False</echo-replyI>
      <echo-requestI>False</echo-requestI>
      <information-replyI>False</information-replyI>
      <information-requestI>False</information-requestI>
      <parameter-problemI>False</parameter-problemI>
      <redirectI>False</redirectI>
      <source-quenchI>False</source-quenchI>
      <ttl-expiredI>False</ttl-expiredI>
      <destination-unreachableO>False</destination-unreachableO>
      <echo-replyO>False</echo-replyO>
      <echo-requestO>False</echo-requestO>
      <information-replyO>False</information-replyO>
      <information-requestO>False</information-requestO>
      <parameter-problemO>False</parameter-problemO>
      <redirectO>False</redirectO>
      <source-quenchO>False</source-quenchO>
      <ttl-expiredO>False</ttl-expiredO>
    </process-icmp>
  </rule>
  <rule name="MSN Real Time Protocol - For chatting over the Internet using Messenger" active="1" action="1" protocol="3" interface="0" enable-process-icmp="0" enable-trusted-mac="0" enable-log="0">
    <ip-source-address type="4" address-1="0.0.0.0" address-2="0.0.0.0"/>
    <ip-source-port type="0" count="0"/>
    <ip-destination-address type="3" address-1="0.0.0.0" address-2="0.0.0.0"/>
    <ip-destination-port type="1" count="1">
      <port>5100</port>
    </ip-destination-port>
    <process-icmp>
      <destination-unreachableI>False</destination-unreachableI>
      <echo-replyI>False</echo-replyI>
      <echo-requestI>False</echo-requestI>
      <information-replyI>False</information-replyI>
      <information-requestI>False</information-requestI>
      <parameter-problemI>False</parameter-problemI>
      <redirectI>False</redirectI>
      <source-quenchI>False</source-quenchI>
      <ttl-expiredI>False</ttl-expiredI>
      <destination-unreachableO>False</destination-unreachableO>
      <echo-replyO>False</echo-replyO>
      <echo-requestO>False</echo-requestO>
      <information-replyO>False</information-replyO>
      <information-requestO>False</information-requestO>
      <parameter-problemO>False</parameter-problemO>
      <redirectO>False</redirectO>
      <source-quenchO>False</source-quenchO>
      <ttl-expiredO>False</ttl-expiredO>
    </process-icmp>
  </rule>
  <rule name="Remote Desktop (RDP)" active="0" action="1" protocol="3" interface="0" enable-process-icmp="0" enable-trusted-mac="0" enable-log="0">
    <ip-source-address type="4" address-1="0.0.0.0" address-2="0.0.0.0"/>
    <ip-source-port type="0" count="0"/>
    <ip-destination-address type="3" address-1="0.0.0.0" address-2="0.0.0.0"/>
    <ip-destination-port type="1" count="1">
      <port>3389</port>
    </ip-destination-port>
    <process-icmp>
      <destination-unreachableI>False</destination-unreachableI>
      <echo-replyI>False</echo-replyI>
      <echo-requestI>False</echo-requestI>
      <information-replyI>False</information-replyI>
      <information-requestI>False</information-requestI>
      <parameter-problemI>False</parameter-problemI>
      <redirectI>False</redirectI>
      <source-quenchI>False</source-quenchI>
      <ttl-expiredI>False</ttl-expiredI>
      <destination-unreachableO>False</destination-unreachableO>
      <echo-replyO>False</echo-replyO>
      <echo-requestO>False</echo-requestO>
      <information-replyO>False</information-replyO>
      <information-requestO>False</information-requestO>
      <parameter-problemO>False</parameter-problemO>
      <redirectO>False</redirectO>
      <source-quenchO>False</source-quenchO>
      <ttl-expiredO>False</ttl-expiredO>
    </process-icmp>
  </rule>
  <rule name="MSN File Transfer - For chatting over the Internet using Messenger" active="1" action="1" protocol="3" interface="0" enable-process-icmp="0" enable-trusted-mac="0" enable-log="0">
    <ip-source-address type="3" address-1="0.0.0.0" address-2="0.0.0.0"/>
    <ip-source-port type="0" count="0"/>
    <ip-destination-address type="4" address-1="0.0.0.0" address-2="0.0.0.0"/>
    <ip-destination-port type="2" count="2">
      <port>6891</port>
      <port>6900</port>
    </ip-destination-port>
    <process-icmp>
      <destination-unreachableI>False</destination-unreachableI>
      <echo-replyI>False</echo-replyI>
      <echo-requestI>False</echo-requestI>
      <information-replyI>False</information-replyI>
      <information-requestI>False</information-requestI>
      <parameter-problemI>False</parameter-problemI>
      <redirectI>False</redirectI>
      <source-quenchI>False</source-quenchI>
      <ttl-expiredI>False</ttl-expiredI>
      <destination-unreachableO>False</destination-unreachableO>
      <echo-replyO>False</echo-replyO>
      <echo-requestO>False</echo-requestO>
      <information-replyO>False</information-replyO>
      <information-requestO>False</information-requestO>
      <parameter-problemO>False</parameter-problemO>
      <redirectO>False</redirectO>
      <source-quenchO>False</source-quenchO>
      <ttl-expiredO>False</ttl-expiredO>
    </process-icmp>
  </rule>
  <rule name="MSN Voice - For chatting over the Internet using Messenger" active="1" action="1" protocol="4" interface="0" enable-process-icmp="0" enable-trusted-mac="0" enable-log="0">
    <ip-source-address type="4" address-1="0.0.0.0" address-2="0.0.0.0"/>
    <ip-source-port type="0" count="0"/>
    <ip-destination-address type="3" address-1="0.0.0.0" address-2="0.0.0.0"/>
    <ip-destination-port type="1" count="1">
      <port>6501</port>
    </ip-destination-port>
    <process-icmp>
      <destination-unreachableI>False</destination-unreachableI>
      <echo-replyI>False</echo-replyI>
      <echo-requestI>False</echo-requestI>
      <information-replyI>False</information-replyI>
      <information-requestI>False</information-requestI>
      <parameter-problemI>False</parameter-problemI>
      <redirectI>False</redirectI>
      <source-quenchI>False</source-quenchI>
      <ttl-expiredI>False</ttl-expiredI>
      <destination-unreachableO>False</destination-unreachableO>
      <echo-replyO>False</echo-replyO>
      <echo-requestO>False</echo-requestO>
      <information-replyO>False</information-replyO>
      <information-requestO>False</information-requestO>
      <parameter-problemO>False</parameter-problemO>
      <redirectO>False</redirectO>
      <source-quenchO>False</source-quenchO>
      <ttl-expiredO>False</ttl-expiredO>
    </process-icmp>
  </rule>
  <rule name="UPnP (TCP)" active="0" action="1" protocol="3" interface="0" enable-process-icmp="0" enable-trusted-mac="0" enable-log="0">
    <ip-source-address type="4" address-1="0.0.0.0" address-2="0.0.0.0"/>
    <ip-source-port type="0" count="0"/>
    <ip-destination-address type="3" address-1="0.0.0.0" address-2="0.0.0.0"/>
    <ip-destination-port type="1" count="1">
      <port>2869</port>
    </ip-destination-port>
    <process-icmp>
      <destination-unreachableI>False</destination-unreachableI>
      <echo-replyI>False</echo-replyI>
      <echo-requestI>False</echo-requestI>
      <information-replyI>False</information-replyI>
      <information-requestI>False</information-requestI>
      <parameter-problemI>False</parameter-problemI>
      <redirectI>False</redirectI>
      <source-quenchI>False</source-quenchI>
      <ttl-expiredI>False</ttl-expiredI>
      <destination-unreachableO>False</destination-unreachableO>
      <echo-replyO>False</echo-replyO>
      <echo-requestO>False</echo-requestO>
      <information-replyO>False</information-replyO>
      <information-requestO>False</information-requestO>
      <parameter-problemO>False</parameter-problemO>
      <redirectO>False</redirectO>
      <source-quenchO>False</source-quenchO>
      <ttl-expiredO>False</ttl-expiredO>
    </process-icmp>
  </rule>
  <rule name="UPnP (UDP)" active="0" action="1" protocol="4" interface="0" enable-process-icmp="0" enable-trusted-mac="0" enable-log="0">
    <ip-source-address type="4" address-1="0.0.0.0" address-2="0.0.0.0"/>
    <ip-source-port type="0" count="0"/>
    <ip-destination-address type="3" address-1="0.0.0.0" address-2="0.0.0.0"/>
    <ip-destination-port type="1" count="1">
      <port>1900</port>
    </ip-destination-port>
    <process-icmp>
      <destination-unreachableI>False</destination-unreachableI>
      <echo-replyI>False</echo-replyI>
      <echo-requestI>False</echo-requestI>
      <information-replyI>False</information-replyI>
      <information-requestI>False</information-requestI>
      <parameter-problemI>False</parameter-problemI>
      <redirectI>False</redirectI>
      <source-quenchI>False</source-quenchI>
      <ttl-expiredI>False</ttl-expiredI>
      <destination-unreachableO>False</destination-unreachableO>
      <echo-replyO>False</echo-replyO>
      <echo-requestO>False</echo-requestO>
      <information-replyO>False</information-replyO>
      <information-requestO>False</information-requestO>
      <parameter-problemO>False</parameter-problemO>
      <redirectO>False</redirectO>
      <source-quenchO>False</source-quenchO>
      <ttl-expiredO>False</ttl-expiredO>
    </process-icmp>
  </rule>
  <rule name="VPN TCP - For Corporate Virtual Private Networks" active="1" action="1" protocol="3" interface="0" enable-process-icmp="0" enable-trusted-mac="0" enable-log="0">
    <ip-source-address type="4" address-1="0.0.0.0" address-2="0.0.0.0"/>
    <ip-source-port type="0" count="0"/>
    <ip-destination-address type="3" address-1="0.0.0.0" address-2="0.0.0.0"/>
    <ip-destination-port type="1" count="1">
      <port>1723</port>
    </ip-destination-port>
    <process-icmp>
      <destination-unreachableI>False</destination-unreachableI>
      <echo-replyI>False</echo-replyI>
      <echo-requestI>False</echo-requestI>
      <information-replyI>False</information-replyI>
      <information-requestI>False</information-requestI>
      <parameter-problemI>False</parameter-problemI>
      <redirectI>False</redirectI>
      <source-quenchI>False</source-quenchI>
      <ttl-expiredI>False</ttl-expiredI>
      <destination-unreachableO>False</destination-unreachableO>
      <echo-replyO>False</echo-replyO>
      <echo-requestO>False</echo-requestO>
      <information-replyO>False</information-replyO>
      <information-requestO>False</information-requestO>
      <parameter-problemO>False</parameter-problemO>
      <redirectO>False</redirectO>
      <source-quenchO>False</source-quenchO>
      <ttl-expiredO>False</ttl-expiredO>
    </process-icmp>
  </rule>
  <rule name="VPN GRE - For Corporate Virtual Private Networks" active="1" action="1" protocol="6" interface="0" enable-process-icmp="0" enable-trusted-mac="0" enable-log="0">
    <ip-source-address type="4" address-1="0.0.0.0" address-2="0.0.0.0"/>
    <ip-source-port type="0" count="0"/>
    <ip-destination-address type="3" address-1="0.0.0.0" address-2="0.0.0.0"/>
    <ip-destination-port type="0" count="0"/>
    <process-icmp>
      <destination-unreachableI>False</destination-unreachableI>
      <echo-replyI>False</echo-replyI>
      <echo-requestI>False</echo-requestI>
      <information-replyI>False</information-replyI>
      <information-requestI>False</information-requestI>
      <parameter-problemI>False</parameter-problemI>
      <redirectI>False</redirectI>
      <source-quenchI>False</source-quenchI>
      <ttl-expiredI>False</ttl-expiredI>
      <destination-unreachableO>False</destination-unreachableO>
      <echo-replyO>False</echo-replyO>
      <echo-requestO>False</echo-requestO>
      <information-replyO>False</information-replyO>
      <information-requestO>False</information-requestO>
      <parameter-problemO>False</parameter-problemO>
      <redirectO>False</redirectO>
      <source-quenchO>False</source-quenchO>
      <ttl-expiredO>False</ttl-expiredO>
    </process-icmp>
  </rule>
  <rule name="Telnet &amp; Secure Shell" active="0" action="1" protocol="3" interface="0" enable-process-icmp="0" enable-trusted-mac="0" enable-log="0">
    <ip-source-address type="4" address-1="0.0.0.0" address-2="0.0.0.0"/>
    <ip-source-port type="0" count="0"/>
    <ip-destination-address type="3" address-1="0.0.0.0" address-2="0.0.0.0"/>
    <ip-destination-port type="3" count="2">
      <port>22</port>
      <port>23</port>
    </ip-destination-port>
    <process-icmp>
      <destination-unreachableI>False</destination-unreachableI>
      <echo-replyI>False</echo-replyI>
      <echo-requestI>False</echo-requestI>
      <information-replyI>False</information-replyI>
      <information-requestI>False</information-requestI>
      <parameter-problemI>False</parameter-problemI>
      <redirectI>False</redirectI>
      <source-quenchI>False</source-quenchI>
      <ttl-expiredI>False</ttl-expiredI>
      <destination-unreachableO>False</destination-unreachableO>
      <echo-replyO>False</echo-replyO>
      <echo-requestO>False</echo-requestO>
      <information-replyO>False</information-replyO>
      <information-requestO>False</information-requestO>
      <parameter-problemO>False</parameter-problemO>
      <redirectO>False</redirectO>
      <source-quenchO>False</source-quenchO>
      <ttl-expiredO>False</ttl-expiredO>
    </process-icmp>
  </rule>
</firewall-rules>
